{"cameraMode":{"drawMode":0,"name":"Shaded","section":"Shading Mode"},"sceneLighting":true,"audioPlay":false,"sceneViewState":{"showFog":true,"showMaterialUpdate":false,"showSkybox":true,"showFlares":true,"showImageEffects":true,"showParticleSystems":true},"in2DMode":false,"pivot":{"x":0.0,"y":5.760000228881836,"z":-4.460000038146973},"rotation":{"x":-0.019232990220189096,"y":0.16451339423656465,"z":0.0032084204722195865,"w":0.9861819744110107},"size":13.022601127624512,"orthographic":true}